{"cameraMode":{"drawMode":0,"name":"Shaded","section":"Shading Mode"},"sceneLighting":false,"audioPlay":false,"sceneViewState":{"m_AlwaysRefresh":false,"showFog":true,"showSkybox":false,"showFlares":true,"showImageEffects":true,"showParticleSystems":true,"showVisualEffectGraphs":true,"m_FxEnabled":true},"in2DMode":false,"pivot":{"x":31.077579498291017,"y":-23.488523483276368,"z":-10.96529769897461},"rotation":{"x":0.13069234788417817,"y":0.862987220287323,"z":-0.28436675667762759,"w":0.39662104845046999},"size":37.747047424316409,"orthographic":false}