{"cameraMode":{"drawMode":0,"name":"Shaded","section":"Shading Mode"},"sceneLighting":false,"audioPlay":false,"sceneViewState":{"m_AlwaysRefresh":false,"showFog":true,"showSkybox":false,"showFlares":true,"showImageEffects":true,"showParticleSystems":true,"showVisualEffectGraphs":true,"m_FxEnabled":true},"in2DMode":false,"pivot":{"x":-0.32607579231262209,"y":0.040444135665893558,"z":-0.3360939025878906},"rotation":{"x":0.2782020568847656,"y":0.44214412569999697,"z":-0.14643116295337678,"w":0.8400416970252991},"size":6.126641750335693,"orthographic":false}