{"cameraMode":{"drawMode":0,"name":"Shaded","section":"Shading Mode"},"sceneLighting":false,"audioPlay":false,"sceneViewState":{"m_AlwaysRefresh":false,"showFog":true,"showSkybox":false,"showFlares":true,"showImageEffects":true,"showParticleSystems":true,"showVisualEffectGraphs":true,"m_FxEnabled":true},"in2DMode":false,"pivot":{"x":0.4514904022216797,"y":-0.7107734680175781,"z":-0.7843179702758789},"rotation":{"x":-0.35273420810699465,"y":-0.26470234990119936,"z":0.10478626191616059,"w":-0.8914071917533875},"size":6.364780426025391,"orthographic":false}