{"cameraMode":{"drawMode":0,"name":"Shaded","section":"Shading Mode"},"sceneLighting":false,"audioPlay":false,"sceneViewState":{"m_AlwaysRefresh":false,"showFog":true,"showSkybox":false,"showFlares":true,"showImageEffects":true,"showParticleSystems":true,"showVisualEffectGraphs":true,"m_FxEnabled":true},"in2DMode":false,"pivot":{"x":-1.1180446147918702,"y":-0.5268930196762085,"z":1.6204254627227784},"rotation":{"x":0.0959743931889534,"y":-0.865828275680542,"z":0.18209122121334077,"w":0.45612671971321108},"size":1.4992783069610596,"orthographic":false}