{"cameraMode":{"drawMode":0,"name":"Shaded","section":"Shading Mode"},"sceneLighting":false,"audioPlay":false,"sceneViewState":{"m_AlwaysRefresh":false,"showFog":true,"showSkybox":false,"showFlares":true,"showImageEffects":true,"showParticleSystems":true,"showVisualEffectGraphs":true,"m_FxEnabled":true},"in2DMode":false,"pivot":{"x":0.040995121002197269,"y":-0.048948854207992557,"z":0.0385991632938385},"rotation":{"x":-0.04506165161728859,"y":0.10082082450389862,"z":-0.004580876789987087,"w":-0.9938856959342957},"size":1.5298269987106324,"orthographic":false}